{
  "Colour": {
    "X": 0.93333334,
    "Y": 0.88235295,
    "Z": 0.77254903,
    "W": 1.0
  },
  "Glow": {
    "X": 0.0,
    "Y": 0.0,
    "Z": 0.0,
    "W": 1.0
  },
  "Version": 1
}